normalising_temperature,tempering_temperature,sample,percent_silicon,percent_chromium,manufacture_year,percent_copper,percent_nickel,percent_sulphur,percent_carbon,percent_manganese,tensile_strength
178.5,275,653,0.153,0.970574759,1998,0.942,0.887,0,1.92,0,25.10761328
178.5,950,654,0.153,1.21272603,2010,0.942,0.887,0,1.92,0,140.0353335
178.5,375,678,0.153,1.621164828,1992,0.942,0.887,0,1.92,0,42.21764969
178.5,900,681,0.153,0.80998863,1991,0.942,0.887,0,1.92,0,95.01530861
189.525,900,658,0.1624,1.036229263,2009,0.849,0.9382,0,2.035,0,113.2667725
189.525,950,660,0.1624,0.93545159,2004,0.849,0.9382,0,2.035,0,160.7744268
189.525,275,689,0.1624,1.390218374,1992,0.849,0.9382,0,2.035,0,12.82494308
189.525,375,698,0.1624,1.416357675,2006,0.849,0.9382,0,2.035,0,42.47930584
203,950,661,0.173,1.162189166,2011,0.8919,0.9098,0,1.92,0,170.6301415
203,900,696,0.173,1.31242066,1992,0.8919,0.9098,0,1.92,0,122.9139207
203,275,709,0.173,1.108258101,1993,0.8919,0.9098,0,1.92,0,34.54240286
203,375,717,0.173,1.051569509,1992,0.8919,0.9098,0,1.92,0,55.49385481
214.55,950,651,0.1839,1.07601808,2008,0.8001,0.9582,0,2.035,0,182.5563526
214.55,900,655,0.1839,1.325198859,1998,0.8001,0.9582,0,2.035,0,133.6001093
214.55,275,706,0.1839,1.086320287,2010,0.8001,0.9582,0,2.035,0,18.25904817
214.55,375,719,0.1839,1.403070885,2006,0.8001,0.9582,0,2.035,0,56.95002812
231,900,858,0.207,1.470654724,1992,0.736,0.867,0.05,1.79,1.61,183.1592994
231,900,1015,0.2065,1.283542741,2009,0.7356,0.8669,0.055,1.789,1.609,183.1858442
232.75,900,664,0.2,1.21012507,2004,0.8392,0.9274,0,1.92,0,153.3115386
232.75,950,684,0.2,1.514043553,2008,0.8392,0.9274,0,1.92,0,201.2363259
232.75,375,686,0.2,1.402326238,2004,0.8392,0.9274,0,1.92,0,75.15219452
232.75,275,701,0.2,0.947351237,2004,0.8392,0.9274,0,1.92,0,37.86050611
232.75,900,879,0.21,1.360017244,2001,0.795,0.949,0.03,1.96,0,170.64531
232.925,900,942,0.2102,1.107778632,2000,0.7953,0.9494,0.031,1.957,0,159.1589846
235.725,900,969,0,1.38269057,2003,0.8049,0.961,0.1,1.802,1.657,73.11582716
236.25,900,906,0,1.148668104,2004,0.805,0.961,0.1,1.8,1.66,73.11203504
236.25,900,930,0.105,1.267843512,1995,0.643,0.965,0.06,1.96,1.93,120.51351
237.475,375,575,0.2035,0.949572557,1991,0.7593,1.0762,0,1.857,0,41.28858078
237.475,900,578,0.2035,1.259019623,2008,0.7593,1.0762,0,1.857,0,100.0929546
238,900,921,0.162,1.444654303,2001,0.764,0.923,0.1,1.72,1.26,159.8756949
238,900,925,0.196,1.354691744,2007,0.783,0.847,0.06,1.99,0.98,148.309735
238.7,900,984,0.1616,1.40340215,1994,0.7644,0.9226,0.104,1.716,1.258,159.9022397
244.3,950,17,0.2094,1.665857913,1997,0.8069,1.047,0,1.92,0,216.4692639
244.3,900,22,0.2094,1.021100643,2001,0.8069,1.047,0,1.92,0,155.3061927
244.3,275,23,0.2094,1.44665003,2005,0.8069,1.047,0,1.92,0,44.34882001
244.3,950,67,0.2094,1.727578841,2003,0.8069,1.047,0,1.92,0,245.8392178
244.475,900,1020,0.1639,0.778916412,1990,0.6556,0.8686,0.058,2.367,1.277,193.7393086
244.825,900,946,0.1326,1.311100841,1998,0.7534,0.916,0.074,2.003,1.033,200.4399811
245,900,863,0.164,1.120223504,1992,0.656,0.869,0.06,2.37,1.28,193.7393086
245,900,883,0.133,1.590606257,1999,0.753,0.916,0.07,2,1.03,200.4134363
247.275,900,649,0.212,1.185883762,1993,0.7485,0.9718,0,2.035,0,164.4072759
247.275,375,662,0.212,1.102509426,1995,0.7485,0.9718,0,2.035,0,57.16617885
247.275,950,716,0.212,1.417456205,2001,0.7485,0.9718,0,2.035,0,218.141588
247.275,275,718,0.212,1.05469909,2006,0.7485,0.9718,0,2.035,0,26.55241024
248.325,900,1001,0.1666,1.479831129,2010,0.7853,0.8826,0.109,1.735,1.297,245.3652031
248.5,900,844,0.167,1.061497883,2009,0.785,0.883,0.11,1.74,1.3,245.3500346
250.25,900,895,0.169,1.252186351,2002,0.643,0.967,0.08,1.91,1.43,163.478207
250.25,900,958,0.1694,1.567673085,1999,0.6435,0.9674,0.084,1.907,1.427,163.4933755
251.3,900,993,0,1.386617189,2004,0.8445,0.9427,0.179,1.584,1.749,84.82967966
251.475,900,965,0.1702,0.980064812,1993,0.8053,0.8141,0.085,1.916,1.326,164.2897202
251.65,900,974,0.1363,1.558077807,1995,0.7743,0.9415,0.075,1.781,1.062,143.812283
252,900,836,0,1.148644478,2000,0.844,0.943,0.18,1.58,1.75,84.79175848
252,900,902,0.17,0.87789428,2009,0.805,0.814,0.08,1.92,1.33,164.2745518
252,900,911,0.136,1.551397813,1991,0.774,0.941,0.07,1.78,1.06,143.7971146
252,900,932,0.015,1.378906982,2011,0.709,1.021,0.06,1.76,1.95,84.3746255
253.4,900,963,0,1.128601944,2003,0.8115,0.9795,0.111,1.808,1.336,72.61147546
253.75,900,398,0.116,0.75334885,2007,0.88,0.833,0.057,1.84,1.19,160.3686702
253.75,900,900,0,1.240059013,1995,0.812,0.979,0.11,1.81,1.34,72.58113852
253.75,900,919,0,0.914155107,1996,0.869,0.824,0.08,2.02,1.79,57.94356304
254.45,900,982,0,1.414615802,1995,0.8687,0.824,0.078,2.017,1.789,57.94735516
254.975,900,973,0.1726,0.97051852,2007,0.8168,0.9858,0.034,1.819,0,130.5929597
255.325,900,940,0.2305,1.293867196,2007,0.8718,0.827,0.034,2.025,0,179.9625439
255.5,900,877,0.23,1.220029035,1993,0.872,0.827,0.03,2.02,0,181.8320581
255.5,900,910,0.173,1.316983619,1996,0.817,0.986,0.03,1.82,0,130.5626227
256.375,900,990,0.1146,1.22508716,1990,0.8295,0.86,0.088,2.019,0.893,109.9335008
257.25,900,833,0.115,1.098544885,2002,0.829,0.86,0.09,2.02,0.89,109.9335008
258.65,900,981,0.1751,1.014689812,1991,0.8285,1,0.022,1.712,0,148.0746237
259,900,887,0,1.373748857,2005,0.83,1.002,0.16,1.58,1.37,98.74675272
259,900,912,0,1.346508987,1995,0.884,0.839,0.15,1.81,1.82,85.36057618
259,900,918,0.175,0.945781113,1996,0.828,1,0.02,1.71,0,148.0442867
259.175,900,950,0,0.960818631,1992,0.8301,1.0018,0.161,1.581,1.366,98.77708966
259.175,900,975,0,1.065051976,1994,0.8843,0.8389,0.15,1.814,1.821,85.39470524
259.875,900,1028,0.1394,1.447207419,1999,0.78,0.8924,0.061,1.927,1.086,130.3313035
260.75,900,871,0.139,1.385704656,1995,0.78,0.892,0.06,1.93,1.09,130.2971745
260.75,900,884,0.236,1.149149215,1998,0.893,0.847,0.13,1.76,0,181.2632404
260.75,900,894,0.118,1.082960937,2004,0.78,0.953,0.07,1.83,0.92,129.349145
260.75,900,929,0.153,1.602442499,1996,0.623,0.935,0.08,1.92,1.94,135.1890067
260.75,900,957,0.1176,1.667101152,2001,0.7803,0.9534,0.071,1.829,0.917,129.383274
261.625,900,947,0.236,1.187611803,2006,0.8927,0.8468,0.126,1.758,0,181.3011616
262.5,900,901,0.237,1.022600758,1990,0.675,1.069,0.12,1.74,0,205.8740862
262.5,900,964,0.2368,1.230182714,1996,0.6748,1.0693,0.119,1.738,0,205.8740862
263.725,900,955,0,1.633325773,2000,0.678,1.0745,0.156,1.667,1.853,74.03731183
264.075,900,1000,0,1.606230924,2011,0.7722,0.9912,0.116,1.666,1.839,85.63360868
264.25,900,843,0,1.522972826,1995,0.772,0.991,0.12,1.67,1.84,85.62602444
264.25,900,892,0,1.382420758,2003,0.678,1.074,0.16,1.67,1.85,74.02214336
265.3,900,944,0,0.868504599,2004,0.8159,0.992,0.079,1.844,1.119,66.99534871
265.65,900,991,0.1781,1.439691952,2001,0.6946,0.944,0.183,1.675,1.387,199.9242531
302.75,275,673,0.116,1.14507352,2009,0.8568,0.9468,0,1.92,0,38.17525191
302.75,900,682,0.116,1.087968281,1992,0.8568,0.9468,0,1.92,0,133.5508117
302.75,950,710,0.116,1.25778987,1994,0.8568,0.9468,0,1.92,0,176.5648062
303.695,275,412,0.05005,1.710341839,1994,0.7935,1.0062,0.0647,1.6477,1.7353,126.9221895
303.695,550,425,0.05005,1.573424633,2008,0.7935,1.0062,0.0647,1.6477,1.7353,181.5286887
303.695,900,438,0.05005,1.558214136,2008,0.7935,1.0062,0.0647,1.6477,1.7353,210.1212584
303.695,950,451,0.05005,1.13249426,1996,0.7935,1.0062,0.0647,1.6477,1.7353,295.7472828
303.695,950,464,0.05005,1.440927432,2008,0.7935,1.0062,0.0647,1.6477,1.7353,308.3371146
304.1675,275,414,0.09337,1.473592456,1991,0.7466,1.0072,0.0973,1.7234,1.599,86.99118692
304.1675,550,427,0.09337,1.318029577,1992,0.7466,1.0072,0.0973,1.7234,1.599,162.5301775
304.1675,900,440,0.09337,1.373133014,1994,0.7466,1.0072,0.0973,1.7234,1.599,207.9597511
304.1675,950,453,0.09337,1.470733193,2008,0.7466,1.0072,0.0973,1.7234,1.599,269.4299839
304.1675,950,466,0.09337,1.263364989,1994,0.7466,1.0072,0.0973,1.7234,1.599,280.1616778
311.5525,275,409,0.1298,1.204765034,2007,0.7468,1.0073,0.0357,1.7994,1.186,113.9910671
311.5525,550,422,0.1298,1.288868319,1996,0.7468,1.0073,0.0357,1.7994,1.186,188.3165799
311.5525,900,435,0.1298,0.902335965,1998,0.7468,1.0073,0.0357,1.7994,1.186,215.3923024
311.5525,950,448,0.1298,1.020714147,2011,0.7468,1.0073,0.0357,1.7994,1.186,267.2305555
311.5525,950,461,0.1298,1.644968365,1997,0.7468,1.0073,0.0357,1.7994,1.186,274.9664762
317.415,275,285,0,1.026913176,2002,0.7778,1.0556,0.0756,1.6959,1.6701,74.93225168
317.415,550,286,0,1.0981236,2005,0.7778,1.0556,0.0756,1.6959,1.6701,118.8070569
317.415,900,287,0,1.293571674,2008,0.7778,1.0556,0.0756,1.6959,1.6701,152.746513
317.415,950,288,0,1.653328416,2011,0.7778,1.0556,0.0756,1.6959,1.6701,195.6353676
317.415,950,289,0,1.079526275,1993,0.7778,1.0556,0.0756,1.6959,1.6701,249.5213644
373.625,900,443,0,1.344683881,1995,0.7719,1.0436,0.1166,1.5921,1.7424,245.5017193
373.625,950,456,0,1.005645384,1992,0.7719,1.0436,0.1166,1.5921,1.7424,281.9060521
373.625,950,469,0,1.7142842,2010,0.7719,1.0436,0.1166,1.5921,1.7424,291.2725836
374.01,275,230,0.09805,1.497331716,2011,0.78538,1.0658,0.0686,1.8171,0.2451,98.9742798
374.01,550,231,0.09805,1.149704592,1990,0.78538,1.0658,0.0686,1.8171,0.2451,167.1186403
374.01,900,232,0.09805,1.476826041,2007,0.78538,1.0658,0.0686,1.8171,0.2451,251.3795022
374.01,950,233,0.09805,1.252422148,2005,0.78538,1.0658,0.0686,1.8171,0.2451,279.2515695
374.01,950,234,0.09805,1.379944583,2001,0.78538,1.0658,0.0686,1.8171,0.2451,296.4677852
374.045,275,345,0,1.23713146,1991,0.77635,1.0535,0.1016,1.5479,1.7474,96.66108782
374.045,550,346,0,1.178307688,2010,0.77635,1.0535,0.1016,1.5479,1.7474,185.5104126
374.045,900,347,0,1.484566212,1997,0.77635,1.0535,0.1016,1.5479,1.7474,220.8150311
374.045,950,348,0,1.324645046,2011,0.77635,1.0535,0.1016,1.5479,1.7474,256.5367827
374.045,950,349,0,0.965198955,1994,0.77635,1.0535,0.1016,1.5479,1.7474,275.4215303
374.08,275,235,0.09806,1.218833467,1993,0.78552,1.066,0.0665,1.8174,0.2452,72.50529616
374.08,550,236,0.09806,1.451380875,2009,0.78552,1.066,0.0665,1.8174,0.2452,98.10209266
374.08,900,237,0.09806,1.632250358,2008,0.78552,1.066,0.0665,1.8174,0.2452,221.2700853
374.08,950,238,0.09806,1.182553409,1998,0.78552,1.066,0.0665,1.8174,0.2452,259.2291865
374.08,950,239,0.09806,1.615629671,2001,0.78552,1.066,0.0665,1.8174,0.2452,274.8527126
376.075,275,365,0.0538,0.904605406,1995,0.78058,1.0143,0.0961,1.5563,1.2189,99.08804334
376.075,550,366,0.0538,1.111704827,1997,0.78058,1.0143,0.0961,1.5563,1.2189,212.3206868
376.075,900,367,0.0538,1.547589632,1995,0.78058,1.0143,0.0961,1.5563,1.2189,287.1012538
376.075,950,368,0.0538,1.717120561,2001,0.78058,1.0143,0.0961,1.5563,1.2189,296.7711547
376.075,950,369,0.0538,1.074323641,1997,0.78058,1.0143,0.0961,1.5563,1.2189,311.4845725
381.9025,275,360,0.05464,1.112202333,1995,0.79267,1.0757,0.1191,1.4075,1.2378,150.8125329
381.9025,550,361,0.05464,1.21262178,2011,0.79267,1.0757,0.1191,1.4075,1.2378,197.7589537
381.9025,900,362,0.05464,1.488710685,1996,0.79267,1.0757,0.1191,1.4075,1.2378,305.3034202
381.9025,950,363,0.05464,1.732889523,2011,0.79267,1.0757,0.1191,1.4075,1.2378,340.9493294
381.9025,950,364,0.05464,1.342604009,2008,0.79267,1.0757,0.1191,1.4075,1.2378,349.4057525
382.9875,275,370,0,1.393530016,1994,0.79491,1.0787,0.1133,1.5849,1.2413,84.3746255
382.9875,550,371,0,1.539241478,2000,0.79491,1.0787,0.1133,1.5849,1.2413,143.266218
382.9875,900,372,0,1.069785751,1995,0.79491,1.0787,0.1133,1.5849,1.2413,166.2085319
382.9875,950,373,0,1.288266687,1992,0.79491,1.0787,0.1133,1.5849,1.2413,204.9639779
382.9875,950,374,0,1.45279921,2000,0.79491,1.0787,0.1133,1.5849,1.2413,254.2615119
386.4,900,561,0.1472,1.105845279,1995,0.7443,1.055,0,1.857,0,141.5976861
386.4,375,573,0.1472,1.160415984,2002,0.7443,1.055,0,1.857,0,71.98956811
389.13,275,185,0,1.220422887,2006,0.87032,0.96708,0.0446,1.8929,0.9667,63.66966122
389.13,550,186,0,1.047662861,1997,0.87032,0.96708,0.0446,1.8929,0.9667,134.4685043
389.13,900,187,0,1.690892972,1995,0.87032,0.96708,0.0446,1.8929,0.9667,136.8954598
389.13,950,188,0,1.346140659,1994,0.87032,0.96708,0.0446,1.8929,0.9667,161.9613598
389.13,950,189,0,1.231921101,2009,0.87032,0.96708,0.0446,1.8929,0.9667,223.9245679
393.75,375,630,0,1.11746656,2001,0.833,1.113,0,1.81,0,61.4323116
393.75,900,631,0,1.426637052,1999,0.833,1.113,0,1.81,0,95.3717677
399,900,572,0.3421,0.94180041,1991,0.6743,0.9558,0,1.857,0,218.3463623
399,375,585,0.3421,1.148497984,1993,0.6743,0.9558,0,1.857,0,120.543847
401.94,275,240,0,1.213009903,1992,0.75763,1.0281,0.0613,1.9523,1.1816,73.45332566
401.94,550,241,0,0.976372072,2003,0.75763,1.0281,0.0613,1.9523,1.1816,122.7508597
401.94,900,242,0,1.505534451,2009,0.75763,1.0281,0.0613,1.9523,1.1816,134.9614796
401.94,950,243,0,1.288715405,2004,0.75763,1.0281,0.0613,1.9523,1.1816,172.4276055
401.94,950,244,0,1.132795954,2002,0.75763,1.0281,0.0613,1.9523,1.1816,224.7209127
405.5625,275,270,0,1.405826456,1990,0.77845,1.0564,0.0672,1.7396,1.2162,84.90552202
405.5625,550,271,0,1.522791627,1996,0.77845,1.0564,0.0672,1.7396,1.2162,147.2479419
405.5625,900,272,0,1.422404073,2011,0.77845,1.0564,0.0672,1.7396,1.2162,185.5104126
405.5625,950,273,0,0.943133658,1996,0.77845,1.0564,0.0672,1.7396,1.2162,234.8458677
405.5625,950,274,0,1.665320316,1991,0.77845,1.0564,0.0672,1.7396,1.2162,252.1000046
409.5,900,400,0.156,1.047741433,1993,0.76,0.981,0.0585,1.89,0,216.150726
413,275,606,0,1.125087602,2007,0.885,0.968,0,1.94,0,35.57006684
413,550,607,0,0.861654554,2010,0.885,0.968,0,1.94,0,70.60923716
413,900,608,0,0.894220964,1996,0.885,0.968,0,1.94,0,101.2874718
413,950,609,0,1.508486091,1990,0.885,0.968,0,1.94,0,120.7031159
413,950,610,0,1.014722065,2010,0.885,0.968,0,1.93,0,132.5724453
413,950,611,0,1.575594811,2006,0.885,0.968,0,1.93,0,137.9572528
413,375,627,0,0.98347795,2008,0.885,0.968,0,1.93,0,54.94778982
413,375,672,0.157,1.330624464,2011,0.7491,0.9726,0,1.92,0,112.2884061
413,275,675,0.157,1.187859801,2001,0.7491,0.9726,0,1.92,0,74.60992165
413,950,688,0.157,1.235233051,1991,0.7491,0.9726,0,1.92,0,262.8013616
413,900,695,0.157,1.07112214,2009,0.7491,0.9726,0,1.92,0,180.865068
414.575,900,937,0.0917,0.762467655,1995,0.6954,0.8529,0.06,2.469,0.715,157.4639078
414.75,900,874,0.092,1.306506724,2004,0.695,0.853,0.06,2.47,0.71,157.4487394
416.5,375,737,0,1.383430599,2000,0.789,1.119,0,1.86,0,66.28622264
416.5,900,738,0,1.644081669,2005,0.789,1.119,0,1.86,0,96.47148192
416.5,900,781,0,1.739025836,2000,0.789,1.118,0,1.85,0,96.47148192
416.5875,275,245,0,1.115603061,2003,0.84701,0.94991,0.07,1.8666,0.9411,109.6301314
416.5875,550,246,0,0.854117089,1999,0.84701,0.94991,0.07,1.8666,0.9411,141.2943167
416.5875,900,247,0,1.688767516,2011,0.84701,0.94991,0.07,1.8666,0.9411,166.2843743
416.5875,950,248,0,1.621725443,2001,0.84701,0.94991,0.07,1.8666,0.9411,217.7434156
416.5875,950,249,0,0.835190341,2000,0.84701,0.94991,0.07,1.8666,0.9411,243.6435815
416.675,900,576,0,1.794173057,2009,0.7893,1.1188,0,1.857,0,96.66867206
416.675,375,591,0,1.607916403,1993,0.7893,1.1188,0,1.857,0,56.84764094
416.85,375,555,0.1588,1.656772673,2009,0.7343,1.0406,0,1.857,0,86.30102144
416.85,900,588,0.1588,1.262666086,2011,0.7343,1.0406,0,1.857,0,148.0253261
419.3,375,554,0.3594,1.378587112,1995,0.6643,0.9416,0,1.857,0,139.8229749
419.3,900,560,0.3594,0.913826369,1999,0.6643,0.9416,0,1.857,0,216.8939811
431.9525,275,330,0,1.441026966,1999,0.80089,1.0868,0.1199,1.433,1.2508,129.3870662
431.9525,550,331,0,1.017885855,2010,0.80089,1.0868,0.1199,1.433,1.2508,232.1913851
431.9525,900,332,0,1.140148403,2005,0.80089,1.0868,0.1199,1.433,1.2508,288.7697857
431.9525,950,333,0,1.210719086,1997,0.80089,1.0868,0.1199,1.433,1.2508,331.7724038
431.9525,950,334,0,1.659575279,1991,0.80089,1.0868,0.1199,1.433,1.2508,365.3326481
435.925,275,320,0,1.646350071,2003,0.88901,0.98776,0.128,1.5811,0.9875,84.48838904
435.925,550,321,0,1.483487105,2008,0.88901,0.98776,0.128,1.5811,0.9875,157.7521088
435.925,900,322,0,1.243516532,2000,0.88901,0.98776,0.128,1.5811,0.9875,169.6593593
435.925,950,323,0,1.523053486,2008,0.88901,0.98776,0.128,1.5811,0.9875,231.1675133
435.925,950,324,0,1.629356486,2010,0.88901,0.98776,0.128,1.5811,0.9875,280.8063379
437.5,275,250,0,1.232359849,2007,0.86117,0.95686,0.0553,1.8742,0.9569,75.99404472
437.5,550,251,0,1.479563199,2003,0.86117,0.95686,0.0553,1.8742,0.9569,137.0471445
437.5,900,252,0,1.330177235,1998,0.86117,0.95686,0.0553,1.8742,0.9569,160.7099608
437.5,950,253,0,1.130719031,1996,0.86117,0.95686,0.0553,1.8742,0.9569,210.8038396
437.5,950,254,0,1.516578323,2007,0.86117,0.95686,0.0553,1.8742,0.9569,232.9118876
437.5,900,401,0.18,1.0768498,2004,0.8,0.86,0.0945,1.59,0.95,373.2581747
437.5,275,416,0,0.899355969,2009,0.8572,0.9489,0.0533,1.9184,0.9569,46.68097258
437.5,550,429,0,1.164110383,2007,0.8572,0.9489,0.0533,1.9184,0.9569,135.6061397
437.5,900,442,0,1.524863644,2005,0.8572,0.9489,0.0533,1.9184,0.9569,149.7128186
437.5,950,455,0,1.177699566,2011,0.8572,0.9489,0.0533,1.9184,0.9569,218.046785
437.5,950,468,0,1.489855582,2003,0.8572,0.9489,0.0533,1.9184,0.9569,226.3894446
437.5,375,642,0,1.637807634,2005,0.82,1.1,0,1.82,0,70.04041946
437.5,900,643,0,1.655703971,2000,0.82,1.1,0,1.82,0,114.7874119
437.85,950,647,0.1668,1.609989314,2002,0.6941,0.9776,0,2.035,0,262.4297341
437.85,375,665,0.1668,0.953299025,1992,0.6941,0.9776,0,2.035,0,106.4257917
437.85,275,705,0.1668,1.068575298,2006,0.6941,0.9776,0,2.035,0,53.52195345
437.85,900,711,0.1668,1.084953361,2005,0.6941,0.9776,0,2.035,0,203.3030302
439.8975,275,275,0,1.649975638,2010,0.75773,1.0284,0.0575,1.8845,1.1827,94.72710764
439.8975,550,276,0,1.094782767,2003,0.75773,1.0284,0.0575,1.8845,1.1827,164.6158424
439.8975,900,277,0,1.682213304,2011,0.75773,1.0284,0.0575,1.8845,1.1827,163.0989952
439.8975,950,278,0,1.048109116,2009,0.75773,1.0284,0.0575,1.8845,1.1827,203.3333672
439.8975,950,279,0,0.901678533,1994,0.75773,1.0284,0.0575,1.8845,1.1827,239.6997788
439.8975,275,280,0,1.107000694,2007,0.75773,1.0284,0.0635,1.8845,1.1827,72.16400554
439.8975,550,281,0,1.028483875,1993,0.75773,1.0284,0.0635,1.8845,1.1827,134.3547407
439.8975,900,282,0,1.031975201,2003,0.75773,1.0284,0.0635,1.8845,1.1827,179.6326297
439.8975,950,283,0,1.514337066,2009,0.75773,1.0284,0.0635,1.8845,1.1827,201.5131505
439.8975,950,284,0,1.320613637,1997,0.75773,1.0284,0.0635,1.8845,1.1827,243.1506062
439.8975,275,419,0,1.102638809,1999,0.7543,1.0436,0.0575,1.9294,1.1827,65.90701084
439.8975,550,432,0,1.075872284,2009,0.7543,1.0436,0.0575,1.9294,1.1827,113.9910671
439.8975,900,445,0,1.724310144,1991,0.7543,1.0436,0.0575,1.9294,1.1827,183.0076147
439.8975,950,458,0,1.186600275,1992,0.7543,1.0436,0.0575,1.9294,1.1827,215.9611201
439.8975,950,471,0,1.648558734,1998,0.7543,1.0436,0.0575,1.9294,1.1827,220.8150311
440.6675,275,315,0,1.321236992,2011,0.89976,1.006,0.1235,1.4614,0.9994,115.6216778
440.6675,550,316,0,1.363164726,2006,0.89976,1.006,0.1235,1.4614,0.9994,183.4626688
440.6675,900,317,0,0.952381767,1993,0.89976,1.006,0.1235,1.4614,0.9994,186.6859691
440.6675,950,318,0,0.909599404,2000,0.89976,1.006,0.1235,1.4614,0.9994,242.7713944
440.6675,950,319,0,1.074347273,1996,0.89976,1.006,0.1235,1.4614,0.9994,249.5213644
441,375,801,0,1.71918549,2010,0.784,1.111,0,1.85,0,75.42522702
441,900,802,0,1.55766863,2010,0.784,1.111,0,1.85,0,108.3028901
441,375,809,0,1.512060632,1996,0.784,1.111,0,1.86,0,63.06292234
441,900,810,0,1.269982183,1997,0.784,1.111,0,1.85,0,108.3028901
441,900,849,0.097,1.001373942,1992,0.821,0.835,0.08,1.94,0.76,183.6901959
441.175,900,1006,0.0971,1.577989567,1999,0.8214,0.8355,0.083,1.938,0.756,183.6977802
441.5425,275,325,0,0.903326178,1997,0.88901,0.98776,0.1417,1.4625,0.9875,119.7930076
441.5425,550,326,0,1.552280156,1994,0.88901,0.98776,0.1417,1.4625,0.9875,232.6085181
441.5425,900,327,0,0.888617259,2011,0.88901,0.98776,0.1417,1.4625,0.9875,278.30354
441.5425,950,328,0,1.090686339,1992,0.88901,0.98776,0.1417,1.4625,0.9875,307.0477945
441.5425,950,329,0,1.344898545,2011,0.88901,0.98776,0.1417,1.4625,0.9875,335.2232312
441.875,900,592,0,1.443232252,2003,0.7843,1.1116,0,1.857,0,108.7086467
441.875,375,594,0,1.029501591,1994,0.7843,1.1116,0,1.857,0,63.16151741
444.5,275,618,0,1.436531296,1990,0.863,0.968,0,1.98,0,51.193593
444.5,950,619,0,1.053319867,1996,0.863,0.968,0,1.98,0,148.1959714
444.5,950,620,0,0.86416787,2006,0.863,0.968,0,1.98,0,151.9501683
444.5,950,621,0,1.147270995,1991,0.863,0.968,0,1.98,0,163.8194976
446.25,950,543,0,1.124539278,1999,0.945,0.8898,0,1.92,0,120.2253091
446.25,375,544,0,1.300077321,1994,0.945,0.8898,0,1.92,0,56.22194147
446.25,900,546,0,1.055500105,2006,0.945,0.8898,0,1.92,0,103.1038963
446.25,275,552,0,0.848428978,1998,0.945,0.8898,0,1.92,0,45.12241208
446.25,900,923,0.099,1.568463345,2000,0.749,0.919,0.06,1.89,0.77,185.8896244
446.775,900,986,0.0988,1.025252463,2010,0.7493,0.919,0.065,1.886,0.77,185.8934165
447.125,375,558,0.1703,0.956874899,1999,0.7243,1.0266,0,1.857,0,94.79915788
447.125,900,567,0.1703,1.48481838,1998,0.7243,1.0266,0,1.857,0,176.2841895
454.825,900,959,0.1006,1.442659281,2010,0.7629,0.9357,0.104,1.706,0.784,273.7529984
455,900,896,0.101,1.477747363,1993,0.763,0.936,0.1,1.71,0.78,273.7529984
456.575,900,1030,0.1005,1.334764719,1995,0.7615,0.8645,0.086,2.006,0.783,178.2067933
456.75,900,873,0.1,0.766762019,2011,0.761,0.864,0.09,2.01,0.78,178.1916248
458.325,900,953,0.1105,1.4209708,2009,0.7326,0.8952,0.05,1.954,0.861,185.4535308
458.5,900,890,0.111,1.276766272,1991,0.733,0.895,0.05,1.95,0.86,185.4345702
462.875,900,1023,0.111,0.745782666,2000,0.7904,0.8326,0.059,1.955,0.865,228.4826937
463.75,900,866,0.111,1.326246696,2006,0.79,0.833,0.06,1.95,0.86,228.4751095
465.5,950,6,0.114,1.358544149,2007,0.67,0.932,0,2.28,0,258.6641609
465.5,900,9,0.114,0.821857227,1994,0.67,0.932,0,2.28,0,252.1985997
465.5,950,65,0.114,1.32602556,1996,0.67,0.932,0,2.28,0,267.825918
465.5,900,907,0.112,1.383996818,2005,0.745,0.91,0.1,1.78,0.87,216.7953861
465.85,900,970,0.1123,1.335847346,1991,0.7445,0.9097,0.104,1.779,0.875,216.8181388
477.05,900,956,0,1.584274223,2005,0.7622,0.9313,0.106,1.987,0.896,177.3497746
477.4,375,559,0.1819,1.120544621,1999,0.7143,1.0124,0,1.857,0,108.7086467
477.4,900,598,0.1819,1.257332523,2003,0.7143,1.0124,0,1.857,0,172.5982508
477.4,900,987,0.1051,1.065511992,2007,0.6797,0.904,0.09,2.097,0.818,204.4406656
477.75,900,830,0.105,1.520239761,1996,0.68,0.904,0.09,2.1,0.82,204.4330814
477.75,900,893,0,1.676318577,2010,0.762,0.931,0.11,1.99,0.9,177.3194377
481.25,900,405,0.18,1.341833032,2002,0.765,0.83,0.1035,1.62,1.2,419.2944873
481.25,375,634,0,1.752171256,1998,0.808,1.088,0,1.83,0,78.1176308
481.25,900,635,0,1.514210553,1998,0.808,1.088,0,1.83,0,134.7339525
481.3725,275,335,0,1.685414654,2001,0.7775,1.0536,0.099,1.5948,1.2135,130.9039134
481.3725,550,336,0,1.3055562,2009,0.7775,1.0536,0.099,1.5948,1.2135,213.2307951
481.3725,900,337,0,1.763484295,2011,0.7775,1.0536,0.099,1.5948,1.2135,282.3231851
481.3725,950,338,0,0.939814556,1998,0.7775,1.0536,0.099,1.5948,1.2135,312.6601291
481.3725,950,339,0,1.315755264,2007,0.7775,1.0536,0.099,1.5948,1.2135,322.33003
483,900,869,0.116,1.093635432,1998,0.768,0.87,0.09,1.8,0.9,243.529818
483.7,900,1026,0.116,1.106843049,2004,0.7683,0.8701,0.089,1.796,0.903,243.563947
484.75,550,612,0,1.588946527,1999,0.856,0.968,0,1.91,0,116.9489191
484.75,900,613,0,1.101594281,2001,0.856,0.968,0,1.91,0,142.8111639
484.75,275,614,0,0.866634893,1996,0.856,0.968,0,1.91,0,62.49410464
484.75,950,615,0,1.687673565,1999,0.856,0.968,0,1.91,0,171.8967089
484.75,950,616,0,0.94441496,2001,0.856,0.968,0,1.91,0,177.812413
484.75,950,617,0,0.84472908,2008,0.856,0.968,0,1.91,0,185.3587278
484.75,900,913,0.117,1.162438489,1993,0.666,0.946,0.07,1.91,0.91,239.6618576
484.75,900,976,0.1168,1.320114988,2000,0.6656,0.9465,0.07,1.906,0.91,239.6808182
484.8375,275,305,0,0.954315644,1992,0.87561,0.9739,0.1183,1.606,0.9739,127.2634801
484.8375,550,306,0,0.901517087,2009,0.87561,0.9739,0.1183,1.606,0.9739,230.3711685
484.8375,900,307,0,1.063046423,2004,0.87561,0.9739,0.1183,1.606,0.9739,265.5620235
484.8375,950,308,0,1.146155855,2009,0.87561,0.9739,0.1183,1.606,0.9739,280.6925744
484.8375,950,309,0,0.97164602,2001,0.87561,0.9739,0.1183,1.606,0.9739,306.0239226
485.0825,275,355,0.09782,1.47585085,1999,0.78246,1.0617,0.1119,1.607,0.2446,167.4599309
485.0825,550,356,0.09782,1.629940431,1994,0.78246,1.0617,0.1119,1.607,0.2446,262.4145656
485.0825,900,357,0.09782,1.73445639,1997,0.78246,1.0617,0.1119,1.607,0.2446,347.2821664
485.0825,950,358,0.09782,0.997499349,1991,0.78246,1.0617,0.1119,1.607,0.2446,367.5320766
485.0825,950,359,0.09782,1.706043888,1999,0.78246,1.0617,0.1119,1.607,0.2446,368.2146578
489.65,900,1005,0.1289,1.086280132,2003,0.8049,0.8251,0.095,1.724,1.004,290.548289
490,900,848,0.129,0.94121106,1990,0.805,0.825,0.09,1.72,1,290.51416
491.75,375,745,0,1.603217389,2004,0.774,1.104,0,1.86,0,79.74824154
491.75,900,746,0,1.371971752,2004,0.774,1.104,0,1.85,0,123.3955197
491.75,900,776,0,1.14351324,1997,0.774,1.104,0,1.86,0,123.3955197
497,900,520,0.015,1.040648615,1991,0.801,0.842,0.0546,1.79,1.41,240.5340447
497,275,521,0.015,0.99766271,2001,0.801,0.842,0.0546,1.79,1.41,73.67543543
497,375,522,0.015,1.025191639,1992,0.801,0.842,0.0546,1.79,1.41,132.72413
497,950,523,0.015,1.098102498,2011,0.801,0.842,0.0546,1.79,1.41,244.8624766
497,900,898,0.12,1.145003015,1995,0.794,0.97,0.07,1.68,0,225.1380457
497,900,961,0.1197,1.396464843,2001,0.7942,0.9704,0.072,1.683,0,225.1418378
498.75,900,403,0.19,1.116423921,1994,0.685,1.031,0.076,1.63,0,294.6854898
501.025,900,134,0.2009,1.343564024,2003,0.8037,1.0046,0.112,1.447,0,372.3480664
501.025,950,179,0.2009,1.138556049,2004,0.8037,1.0046,0.112,1.447,0,422.404024
502.25,900,855,0.121,1.327199166,2009,0.696,0.904,0.09,1.88,0.94,230.6745379
502.775,900,1012,0.1205,0.87291751,2004,0.6959,0.9044,0.092,1.876,0.939,240.8905038
504,275,670,0.192,1.638362878,2001,0.7178,0.932,0,1.92,0,88.60283707
504,900,679,0.192,1.355924641,2008,0.7178,0.932,0,1.92,0,213.4241932
504,375,691,0.192,1.375736752,1999,0.7178,0.932,0,1.92,0,129.3794819
504,950,702,0.192,1.512333048,2007,0.7178,0.932,0,1.92,0,277.8977834
504,900,864,0.121,1.483943804,1999,0.829,0.908,0.07,1.77,0,231.736331
504.7,900,1021,0.121,1.638907538,1990,0.8295,0.9079,0.07,1.774,0,231.77046
505.75,950,533,0,1.629527932,1994,0.8953,0.9132,0,1.92,0,176.3752003
505.75,275,534,0,1.127398749,1999,0.8953,0.9132,0,1.92,0,64.10196267
505.75,375,545,0,1.036390051,2000,0.8953,0.9132,0,1.92,0,80.28293018
505.75,900,549,0,1.065888107,2001,0.8953,0.9132,0,1.92,0,140.6534487
505.75,900,917,0.134,1.109627638,1998,0.76,0.924,0.06,1.95,0,254.3373543
505.75,900,980,0.1337,0.846466694,2001,0.7601,0.9241,0.055,1.949,0,254.360107
507.85,375,581,0.1935,1.334518912,1993,0.7043,0.9982,0,1.857,0,120.2253091
507.85,900,586,0.1935,1.27384247,1995,0.7043,0.9982,0,1.857,0,181.7372552
508.1125,275,300,0,0.993087595,1997,0.865,0.96118,0.0941,1.6808,0.9618,123.7747315
508.1125,550,301,0,1.613779909,1997,0.865,0.96118,0.0941,1.6808,0.9618,190.7056142
508.1125,900,302,0,1.470701757,1998,0.865,0.96118,0.0941,1.6808,0.9618,191.0469048
508.1125,950,303,0,1.377190355,1999,0.865,0.96118,0.0941,1.6808,0.9618,247.966596
508.1125,950,304,0,1.393099958,2011,0.865,0.96118,0.0941,1.6808,0.9618,269.3541415
516.25,375,779,0,0.96372751,2001,0.769,1.069,0,1.85,0,81.37885228
516.25,900,780,0,1.714035177,2011,0.769,1.069,0,1.85,0,138.4881494
517.4925,275,310,0,1.577151701,2005,0.8592,0.95514,0.0887,1.7154,0.9564,126.201687
517.4925,550,311,0,1.601823304,1991,0.8592,0.95514,0.0887,1.7154,0.9564,193.7772298
517.4925,900,312,0,1.28316939,1994,0.8592,0.95514,0.0887,1.7154,0.9564,219.6773957
517.4925,950,313,0,1.033081471,1992,0.8592,0.95514,0.0887,1.7154,0.9564,267.9510579
517.4925,950,314,0,1.312737692,1998,0.8592,0.95514,0.0887,1.7154,0.9564,286.2290666
517.65,375,566,0,1.482274026,1996,0.7693,1.0914,0,1.857,0,81.64050842
517.65,900,571,0,1.411693298,1999,0.7693,1.0914,0,1.857,0,138.6929237
518,375,739,0,1.741292083,2002,0.769,1.09,0,1.86,0,104.0177967
518,900,740,0,1.45461079,2003,0.769,1.09,0,1.86,0,138.4881494
518,375,782,0,1.788854819,1991,0.765,1.085,0,1.92,0,78.1176308
518,900,783,0,1.528806106,1990,0.765,1.085,0,1.92,0,119.0725052
518,950,784,0,1.620363125,2008,0.765,1.085,0,1.92,0,161.6579903
518,900,878,0,1.390611697,1995,0.778,0.819,0.11,2.21,1.07,172.8068173
518,900,941,0,1.188740157,2006,0.7784,0.8192,0.105,2.214,1.067,172.8106094
519.75,375,741,0,1.239290662,1995,0.734,1.04,0,1.86,0,170.2660982
520.03,275,340,0,1.157073529,2010,0.75345,1.0228,0.0952,1.748,1.1754,120.51351
520.03,550,341,0,1.598029647,1999,0.75345,1.0228,0.0952,1.748,1.1754,203.4471307
520.03,900,342,0,1.248578367,2011,0.75345,1.0228,0.0952,1.748,1.1754,260.7081125
520.03,950,343,0,1.453743076,2004,0.75345,1.0228,0.0952,1.748,1.1754,285.7740125
520.03,950,344,0,1.682381996,1992,0.75345,1.0228,0.0952,1.748,1.1754,312.0913114
521.15,900,1002,0.1372,0.908117837,2008,0.6553,0.8784,0.06,2.013,1.069,294.3859125
521.5,900,845,0.137,1.143895848,1996,0.655,0.878,0.06,2.01,1.07,294.3821203
521.5,900,853,0,1.441474524,2004,0.815,0.879,0.06,1.86,1.07,234.5045771
521.5,900,865,0,1.512780038,1998,0.744,0.88,0.11,2.1,1.07,175.3096151
521.5,900,914,0,0.913175867,2002,0.784,0.953,0.13,1.64,1.07,197.2280572
521.675,900,977,0,0.928705328,1998,0.784,0.9532,0.128,1.636,1.075,197.2621862
521.675,900,1010,0,1.105296606,1995,0.8152,0.879,0.061,1.864,1.07,234.5424983
521.85,900,1022,0,1.190225389,2005,0.7442,0.8796,0.111,2.097,1.07,175.3134073
524.65,900,948,0,1.431339614,2008,0.7276,0.8782,0.099,2.115,1.198,131.0973114
525,375,636,0,0.975437349,2001,0.795,1.075,0,1.84,0,85.66394562
525,900,637,0,0.950359871,2004,0.795,1.075,0,1.84,0,147.6650749
525,900,885,0,1.40983453,2010,0.728,0.878,0.1,2.12,1.2,131.0935193
528.5,550,794,0,1.524326524,1990,0.817,0.974,0,2.03,0,99.69478222
528.5,950,795,0,1.026239171,2001,0.817,0.974,0,2.03,0,147.0962572
528.5,900,825,0,1.099820323,2006,0.817,0.974,0,2.03,0,119.6413229
531.3,900,994,0.1399,1.565633412,2007,0.7225,0.8955,0.062,2.135,0,183.8077516
532,900,15,0.076,1.07643179,2009,0.67,0.932,0,2.28,0,262.9757991
532,900,837,0.14,1.307203259,1990,0.722,0.895,0.06,2.14,0,183.8039595
533.4,900,999,0,0.87839602,2003,0.7052,0.9594,0.098,1.96,0.996,165.6776354
533.75,900,842,0,1.630305329,1993,0.705,0.959,0.1,1.96,1,165.6776354
534.275,375,659,0.2035,1.238810618,2008,0.631,0.9654,0,2.035,0,142.4167836
534.275,900,671,0.2035,1.202282853,1993,0.631,0.9654,0,2.035,0,238.5735197
534.275,275,687,0.2035,1.574544159,1997,0.631,0.9654,0,2.035,0,77.79150865
534.275,950,712,0.2035,1.564750763,1998,0.631,0.9654,0,2.035,0,300.2940323
537.25,950,622,0,0.982359795,2007,0.812,0.968,0,1.93,0,189.6817424
537.25,950,623,0,1.659699648,2005,0.812,0.968,0,1.93,0,198.8207467
537.25,275,624,0,1.653004309,1991,0.812,0.968,0,1.93,0,68.97862642
537.25,900,625,0,1.700086368,1993,0.812,0.968,0,1.93,0,151.4192717
537.25,950,626,0,1.155888919,1999,0.812,0.968,0,1.93,0,181.0736345
542.325,900,992,0.1428,1.080688545,1993,0.6512,0.9139,0.221,1.678,1.112,210.1857244
542.5,275,722,0,1.490343276,2000,0.83,1.012,0,1.92,0,65.18650842
542.5,375,723,0,0.990321671,1992,0.83,1.012,0,1.92,0,94.84087118
542.5,900,724,0,1.019073201,1993,0.83,1.012,0,1.92,0,153.0498825
542.5,950,725,0,0.959316516,1990,0.83,1.012,0,1.92,0,196.6971607
542.5,950,726,0,0.964771219,2004,0.83,1.012,0,1.92,0,212.8515833
563.5,900,823,0,1.072127251,2007,0.8,0.974,0,2.03,0,138.4881494
563.5,950,824,0,1.523496855,1998,0.8,0.974,0,2.03,0,162.7197834
563.5,900,859,0.149,1.065353655,2008,0.709,0.951,0.08,1.86,0,288.3147315
563.5,900,870,0,1.498994469,1998,0.813,0.818,0.1,1.96,1.16,171.479576
563.85,900,1027,0,1.073878268,2006,0.8134,0.8179,0.104,1.96,1.156,171.4833681
564.375,900,1016,0.1486,1.656218033,2004,0.7095,0.951,0.085,1.858,0,288.3450685
566.475,900,131,0.2828,1.532154623,2002,0.6599,0.9427,0.103,1.838,0,410.8380641
568.75,375,632,0,1.68116842,1991,0.783,1.063,0,1.84,0,96.47148192
568.75,900,633,0,1.480321549,2000,0.783,1.063,0,1.84,0,168.1425121
569.8,900,1013,0.1664,1.200595897,2004,0.79,0.8816,0.089,1.74,0,336.7969602
570.5,900,856,0.166,1.056017412,1990,0.79,0.882,0.09,1.74,0,336.7779996
570.5,900,888,0,1.553947343,2005,0.792,0.801,0.11,1.99,1.38,223.734962
571.375,900,951,0,1.321216817,2002,0.7925,0.8011,0.108,1.99,1.379,212.4685794
578.375,900,966,0.1696,1.406768663,2004,0.8023,0.811,0.081,1.949,0,311.404938
579.25,275,727,0,1.077986693,2011,0.821,1.025,0,1.92,0,78.6864485
579.25,375,728,0,1.452363868,2009,0.821,1.025,0,1.92,0,95.90266422
579.25,900,729,0,1.500457331,1990,0.821,1.025,0,1.92,0,174.5891127
579.25,950,730,0,1.645641158,2009,0.821,1.025,0,1.92,0,208.5285688
579.25,950,731,0,1.37064737,1995,0.821,1.025,0,1.92,0,216.6057802
579.25,950,769,0,1.587062027,2009,0.825,0.978,0,1.92,0,214.4821941
579.25,950,770,0,1.635194235,1994,0.825,0.978,0,1.92,0,226.8444988
579.25,275,772,0,1.509797249,1993,0.825,0.978,0,1.92,0,74.36343398
579.25,275,785,0,1.37492848,2007,0.825,0.879,0,1.92,0,74.36343398
579.25,375,786,0,1.444492531,2005,0.825,0.978,0,1.92,0,89.45606362
579.25,900,787,0,0.88980344,2008,0.825,0.978,0,1.92,0,172.958502
579.25,950,788,0,1.666833026,2002,0.825,0.978,0,1.92,0,204.774372
579.25,900,903,0.17,0.982088245,1997,0.802,0.811,0.08,1.95,0,311.370809
581.875,950,3,0.1425,1.252712839,1996,0.594,0.932,0,2.28,0,221.4824439
581.875,950,4,0.1425,1.088840057,2000,0.594,0.932,0,2.28,0,225.79029
581.875,375,68,0.1425,0.846047301,2011,0.594,0.932,0,2.28,0,166.5156935
582.75,900,393,0.0175,1.478224687,2010,0.652,0.996,0.179,1.67,1.63,260.0255313
582.75,275,542,0,1.218695558,1999,0.8426,0.9312,0,1.92,0,85.88768058
582.75,900,547,0,1.466461237,2007,0.8426,0.9312,0,1.92,0,175.817759
582.75,375,548,0,1.38090519,1998,0.8426,0.9312,0,1.92,0,128.7272376
582.75,950,550,0,1.593249263,2007,0.8426,0.9312,0,1.92,0,229.2411173
584.5,900,394,0.0176,1.029696044,1993,0.633,0.967,0.153,1.89,1.58,243.7952662
588,900,899,0,1.051343217,2009,0.817,0.986,0.03,1.82,0,246.7531183
588.875,900,962,0,1.631335621,2004,0.8168,0.9858,0.034,1.819,0,246.775871
591.325,375,116,0.189,1.274177425,1992,0.7558,0.9447,0.095,1.749,0,193.0567274
591.325,900,139,0.189,1.291936357,2011,0.7558,0.9447,0.095,1.749,0,274.4355797
591.325,950,184,0.189,1.271633272,2002,0.7558,0.9447,0.095,1.749,0,372.8789629
593.25,275,599,0,1.64449227,1990,0.781,0.968,0,1.97,0,72.73282324
612.5,550,759,0,1.099019835,2003,0.775,0.974,0,2.03,0,123.9264162
612.5,900,760,0,1.358321021,2003,0.775,0.974,0,2.03,0,150.3574787
612.5,950,761,0,1.180719777,2011,0.775,0.974,0,2.03,0,164.8812906
612.5,950,762,0,0.987320842,2007,0.775,0.974,0,2.03,0,172.4276055
612.5,950,763,0,1.000827481,1998,0.775,0.974,0,2.03,0,179.9739203
621.25,900,498,0.019,1.018864331,1996,0.871,0.967,0.1313,1.45,0.97,242.1646555
621.25,900,499,0.019,1.206326339,2005,0.871,0.967,0.1225,1.45,0.97,305.0000507
622.825,900,1014,0,1.164297596,2007,0.7784,0.8014,0.11,1.933,1.416,224.7777945
623,900,404,0.119,1.603740847,1995,0.657,1.061,0.0903,1.6,0,324.4915373
623,900,857,0,0.887999245,2005,0.778,0.801,0.11,1.93,1.42,224.7588339
628.25,900,524,0.019,1.198537126,2001,0.801,0.942,0.1091,1.54,1.41,346.144531
628.25,900,525,0.019,1.13713292,1993,0.801,0.942,0.1091,1.54,1.41,327.2218622
628.25,275,526,0.019,0.831387522,1998,0.801,0.942,0.1091,1.54,1.41,138.1414414
628.25,275,527,0.019,1.492220177,2005,0.801,0.942,0.1091,1.54,1.41,130.0154743
628.25,375,528,0.019,1.496600492,1991,0.801,0.942,0.1091,1.54,1.41,196.6484049
628.25,375,529,0.019,1.621038991,2002,0.801,0.942,0.1091,1.54,1.41,212.358608
628.25,950,530,0.019,1.415546102,2007,0.801,0.942,0.1091,1.54,1.41,378.1283377
628.25,950,531,0.019,0.861115184,2004,0.801,0.942,0.1091,1.54,1.41,367.2937149
634.55,275,84,0.189,1.324289049,2009,0.7558,0.9447,0.116,1.649,0,194.1564416
634.55,375,115,0.189,1.48412347,1992,0.7558,0.9447,0.116,1.649,0,125.9362388
634.55,900,130,0.189,1.444389179,2009,0.7558,0.9447,0.116,1.649,0,392.1429224
634.55,900,133,0.189,0.835122148,1998,0.7558,0.9447,0.116,1.649,0,392.1429224
634.55,900,135,0.189,0.8644329,2000,0.7558,0.9447,0.116,1.649,0,392.1429224
634.55,900,138,0.189,1.592610628,1999,0.7558,0.9447,0.116,1.649,0,392.1429224
634.55,950,176,0.189,1.365350742,1995,0.7558,0.9447,0.116,1.649,0,436.1314912
634.55,950,178,0.189,1.06042759,2007,0.7558,0.9447,0.116,1.649,0,436.1314912
634.55,950,180,0.189,1.58498158,2011,0.7558,0.9447,0.116,1.649,0,436.1314912
634.55,950,183,0.189,1.386836033,1990,0.7558,0.9447,0.116,1.649,0,436.1314912
640.5,900,847,0.187,0.858373209,2002,0.757,0.824,0.07,1.91,0,362.4885596
640.5,900,1004,0.187,1.214940066,1998,0.7569,0.8243,0.066,1.913,0,362.499936
654.5,275,71,0.1892,1.419109357,1990,0.7567,0.9261,0.101,1.701,0,189.188767
654.5,900,117,0.1892,1.391443588,1993,0.7567,0.9261,0.101,1.701,0,336.019576
654.5,950,140,0.1892,1.470893414,2001,0.7567,0.9261,0.101,1.701,0,348.6852501
654.5,900,838,0,1.203867815,1998,0.73,1.013,0.07,1.9,0,214.7855635
655.025,900,995,0,1.24563478,1994,0.7304,1.0132,0.067,1.902,0,214.8083162
673.75,225,764,0,1.013682749,2006,0.763,0.966,0,1.86,0,34.47035262
673.75,275,765,0,0.863794464,2010,0.763,0.966,0,1.86,0,80.84795576
673.75,375,766,0,1.166573529,1993,0.763,0.966,0,1.86,0,127.7185342
673.75,550,767,0,1.286313615,1999,0.763,0.966,0,1.86,0,153.580779
673.75,900,768,0,1.639443583,2009,0.763,0.966,0,1.86,0,172.4276055
677.25,900,486,0.02,1.505095988,2009,0.845,0.938,0.1432,1.57,0.94,276.2937175
677.25,900,487,0.02,1.590220485,1990,0.845,0.938,0.1393,1.57,0.94,256.7643098
677.25,900,488,0.02,0.821632492,2009,0.845,0.938,0.1161,1.57,0.94,256.7643098
677.25,275,489,0.02,1.662332397,1994,0.845,0.938,0.1432,1.57,0.94,125.139894
677.25,275,490,0.02,1.620083142,2008,0.845,0.938,0.1393,1.57,0.94,140.308366
677.25,275,491,0.02,0.957417193,1994,0.845,0.938,0.1161,1.57,0.94,191.2365107
677.25,375,492,0.02,1.509905348,2004,0.845,0.938,0.1432,1.57,0.94,202.6128647
677.25,375,493,0.02,1.057494601,2002,0.845,0.938,0.1393,1.57,0.94,252.4412953
677.25,375,494,0.02,0.893352668,2010,0.845,0.938,0.1161,1.57,0.94,229.1576907
677.25,950,495,0.02,0.860578056,2008,0.845,0.938,0.1432,1.57,0.94,309.8539618
677.25,950,496,0.02,1.541463814,1992,0.845,0.938,0.1393,1.57,0.94,263.8176493
677.25,950,497,0.02,1.548372359,1991,0.845,0.938,0.1161,1.57,0.94,338.0293985
680.05,275,79,0.0971,0.819910945,1994,0.9257,0.8521,0.121,1.579,0,154.5288085
680.05,900,125,0.0971,0.977672051,2008,0.9257,0.8521,0.121,1.579,0,278.8344365
680.05,950,171,0.0971,1.142880842,2009,0.9257,0.8521,0.121,1.579,0,316.7935377
682.325,375,114,0.189,0.935204706,1999,0.7558,0.9447,0.22,1.459,0,325.0224338
682.325,900,137,0.189,1.414607142,2005,0.7558,0.9447,0.22,1.459,0,409.7383499
682.325,950,182,0.189,1.1095636,1994,0.7558,0.9447,0.22,1.459,0,454.2957364
687.75,275,535,0,1.536651161,1990,0.7856,0.9406,0,1.92,0,105.5953178
687.75,950,536,0,1.668564694,1993,0.7856,0.9406,0,1.92,0,268.6563918
687.75,900,537,0,1.490458578,1997,0.7856,0.9406,0,1.92,0,217.8268422
687.75,375,551,0,1.445839156,1997,0.7856,0.9406,0,1.92,0,152.583452
687.75,275,804,0,1.243497918,2007,0.758,0.94,0,1.92,0,105.0795898
687.75,900,805,0,0.91754415,2006,0.758,0.94,0,1.92,0,217.7054944
687.75,950,806,0,1.637791808,2005,0.758,0.94,0,1.92,0,268.3681909
694.75,900,392,0.0172,0.872716254,2010,0.633,0.967,0.208,1.67,1.58,306.0618438
694.75,900,562,0,1.535850304,2007,0.7343,1.0406,0,1.857,0,181.9534059
694.75,375,569,0,1.630172947,2002,0.7343,1.0406,0,1.857,0,139.9632833
694.75,900,744,0,0.975656998,2009,0.734,1.04,0,1.86,0,203.1437613
694.75,900,826,0,1.343678182,1992,0.734,1.04,0,1.85,0,215.0130906
700,900,640,0,1.038841405,2011,0.745,1.025,0,1.87,0,240.3444388
700,375,641,0,1.13953998,1997,0.745,1.025,0,1.87,0,165.791399
703.15,275,83,0.0947,0.929066944,1990,0.8521,0.9468,0.114,1.474,0,226.048154
780.5,950,484,0.024,1.348369083,1992,0.712,0.967,0.1164,1.62,0.79,303.9003365
780.5,950,485,0.024,1.346035872,2009,0.712,0.967,0.103,1.62,0.79,301.2079327
787.675,900,391,0.05,1.041651815,1995,0.6132,1.1244,0.03,2,0,216.567859
789.25,900,384,0,1.597994732,2004,0.745,1.03,0.1125,1.65,0,433.4011662
820.75,275,77,0.1172,1.078324487,2008,0.8405,0.8521,0.322,1.378,0,221.0804794
820.75,900,123,0.1172,0.779892593,1993,0.8405,0.8521,0.322,1.378,0,367.9492095
820.75,950,169,0.1172,1.079328845,1999,0.8405,0.8521,0.322,1.378,0,388.8437797
831.25,900,10,0,0.8992294,1992,0.594,0.932,0,2.28,0,216.0938442
831.25,950,20,0,0.900315478,2001,0.594,0.932,0,2.28,0,234.4135663
831.25,275,76,0.1188,1.013890725,2010,0.7815,0.8521,0.089,1.811,0,207.8839088
831.25,900,122,0.1188,0.758964631,2004,0.7815,0.8521,0.089,1.811,0,375.6472091
831.25,950,168,0.1188,0.861841486,2005,0.7815,0.8521,0.089,1.811,0,408.069818
831.25,900,381,0,1.516342598,2008,0.641,1.098,0.019,1.42,0.59,314.745794
831.25,900,402,0,0.945128796,2005,0.662,1.044,0.095,1.62,0,321.8749758
840,900,538,0,1.277757569,2001,0.7122,0.9362,0,1.92,0,241.6830565
840,375,539,0,0.828947799,2011,0.7122,0.9362,0,1.92,0,190.1330044
840,950,540,0,1.455890161,2003,0.7122,0.9362,0,1.92,0,298.7354718
840,275,541,0,1.210986346,2001,0.7122,0.9362,0,1.92,0,134.2258087
840,900,742,0,1.568170862,1998,0.721,0.936,0,1.92,0,241.4062319
840,950,743,0,1.672488777,2001,0.721,0.936,0,1.92,0,298.515529
840,275,827,0,1.377514977,2001,0.721,0.936,0,1.92,0,134.1651348
848.75,900,70,0,1.342974737,2003,0.8,1.12,0,1.46,0,395.9350404
859.25,900,500,0.026,0.834857592,2001,0.699,0.882,0.0393,2.1,1.23,305.5309473
859.25,900,501,0.026,1.372371214,2006,0.699,0.822,0.0393,2.01,1.23,318.537912
859.25,275,502,0.026,0.885810845,2010,0.699,0.882,0.0393,2.1,1.23,140.8500971
859.25,375,503,0.026,1.287581036,1997,0.699,0.882,0.0393,2.1,1.23,184.1885886
945,900,1,0,1.528696958,1993,0.676,1.04,0.025,1.62,0,439.9236092
945,900,2,0,1.107596939,2008,0.676,1.055,0.025,1.62,0,340.3805117
945,375,752,0,1.739930281,2002,0.613,1.125,0,1.73,0,289.3765246
945,550,753,0,1.527267535,2000,0.613,1.125,0,1.73,0,328.7007882
945,900,754,0,1.735468506,1997,0.613,1.125,0,1.73,0,370.1865592
945,950,755,0,1.394782512,1998,0.613,1.125,0,1.73,0,383.1176815
945,950,756,0,1.685471745,1998,0.613,1.125,0,1.73,0,393.9252178
945,950,757,0,1.35372021,2006,0.613,1.125,0,1.73,0,407.9181333
945,275,800,0,1.703753827,2011,0.613,1.125,0,1.73,0,229.006006
